{"cameraMode":{"drawMode":0,"name":"Shaded","section":"Shading Mode"},"sceneLighting":true,"audioPlay":false,"sceneViewState":{"m_AlwaysRefresh":false,"showFog":true,"showSkybox":true,"showFlares":true,"showImageEffects":true,"showParticleSystems":true,"showVisualEffectGraphs":true,"m_FxEnabled":true},"in2DMode":false,"pivot":{"x":-0.41278553009033205,"y":1.4035005569458008,"z":-0.42664098739624026},"rotation":{"x":-0.06930685043334961,"y":0.9184120297431946,"z":-0.18598918616771699,"w":-0.3422360122203827},"size":5.009557247161865,"orthographic":false}